{
    "intents": [
        {
            "intent": "GetCurrentBalance"
        },
        {
            "intent": "GetCreditBalance"
        }, 
        {
            "intent": "GetCheckingBalance"
        },
        {
            "intent": "GiveSuggestions",
            "slots" :[ 
                        {"name": "category", "type": "CATEGORIES"},
                        {"name": "day", "type": "DAYS"}]
        },
        {
            "intent": "Allocations",
            "slots": [
                        {"name": "amount", "type": "AMAZON.NUMBER"},
                        {"name": "category", "type": "CATEGORIES"},
                        {"name": "date", "type": "AMAZON.DATE"}]
        },
        {
            "intent": "AMAZON.HelpIntent"
        },
        {
            "intent": "AMAZON.StopIntent"
        },
        {
            "intent": "AMAZON.CancelIntent"
        }
    ]
}
